DateTime,PT08.S1(CO)_mean,PT08.S1(CO)_max,PT08.S2(NMHC)_mean,PT08.S2(NMHC)_max,PT08.S3(NOx)_mean,PT08.S3(NOx)_max,PT08.S4(NO2)_mean,PT08.S4(NO2)_max,PT08.S5(O3)_mean,PT08.S5(O3)_max,T_mean,T_max,RH_mean,RH_max,AH_mean,AH_max,day_of_week,month,is_weekend
2004-03-18,1352.6666666666667,1934.0,1072.5833333333333,1682.0,901.1666666666666,1293.0,1702.8333333333333,2468.0,1301.0,2051.0,17.7625,27.1,44.0875,64.2,0.8260166666666667,0.9606,3,3,0
2004-03-19,1304.2916666666667,1819.0,1058.0,1582.0,913.375,1620.0,1745.4166666666667,2456.0,1095.7916666666667,1716.0,14.191666666666668,16.4,57.90416666666667,71.1,0.9239583333333333,1.0029,4,3,0
2004-03-20,1288.625,1633.0,911.9583333333334,1199.0,968.4583333333334,1317.0,1609.0833333333333,1919.0,1019.0,1442.0,15.862499999999999,19.5,52.18333333333334,59.0,0.9289958333333334,1.0356,5,3,1
2004-03-21,1252.7083333333333,1605.0,870.625,1153.0,975.6666666666666,1300.0,1601.7916666666667,1874.0,954.25,1637.0,17.2125,21.4,52.45416666666667,66.2,1.0063208333333333,1.0868,6,3,1
2004-03-22,1129.3333333333333,1514.0,911.5416666666666,1325.0,1062.25,1813.0,1595.3333333333333,1996.0,857.875,1401.0,17.358333333333334,21.3,44.833333333333336,60.5,0.8579333333333333,1.0919,0,3,0
2004-03-23,1122.1666666666667,1498.0,896.625,1325.0,1073.5416666666667,1908.0,1557.0,2095.0,892.7083333333334,1329.0,12.133333333333333,16.0,60.46666666666667,80.5,0.8424999999999999,0.9483,1,3,0
2004-03-24,1149.0416666666667,1597.0,888.875,1395.0,1040.75,1572.0,1541.625,2080.0,909.9583333333334,1519.0,11.674999999999999,16.9,59.0875,81.1,0.7967083333333332,0.972,2,3,0
2004-03-25,1084.9583333333333,1443.0,859.7083333333334,1418.0,1124.2083333333333,1935.0,1494.6666666666667,2060.0,800.4583333333334,1488.0,11.633333333333333,17.7,58.79583333333333,83.2,0.7820791666666667,0.8695,3,3,0
2004-03-26,1084.7083333333333,1408.0,892.5,1278.0,1032.2083333333333,1449.0,1457.625,1928.0,888.5,1481.0,11.666666666666666,19.2,51.291666666666664,72.4,0.6764916666666667,0.7711,4,3,0
2004-03-27,1095.125,1306.0,873.125,1079.0,1046.0833333333333,1417.0,1425.8333333333333,1633.0,900.75,1286.0,12.583333333333334,19.1,46.541666666666664,66.6,0.64155,0.7326,5,3,1
2004-03-28,1059.7083333333333,1293.0,783.4583333333334,958.0,1121.75,1325.0,1348.0833333333333,1514.0,783.75,1200.0,13.458333333333334,21.3,45.725,68.0,0.6638875,0.7294,6,3,1
2004-03-29,992.0,1326.0,762.2083333333334,1289.0,1194.0833333333333,1643.0,1275.5833333333333,1806.0,630.7083333333334,1431.0,13.387500000000001,18.2,37.666666666666664,56.8,0.5602791666666667,0.6341,0,3,0
2004-03-30,1187.0416666666667,1584.0,912.9166666666666,1399.0,1019.875,1468.0,1447.0,1947.0,1003.9166666666666,1689.0,15.508333333333333,22.4,34.4625,46.1,0.5942958333333334,0.7833,1,3,0
2004-03-31,1181.125,1636.0,863.2916666666666,1295.0,1015.4583333333334,1699.0,1513.5416666666667,1957.0,904.25,1489.0,13.5875,15.7,55.025,78.1,0.8417916666666666,1.0746,2,3,0
2004-04-01,1240.8958333333333,1722.0,1016.4375,1595.0,878.7083333333334,1237.0,1609.7708333333333,2439.0,1134.9375,1798.0,16.416666666666668,23.6,48.57916666666667,73.1,0.8522958333333334,0.8892,3,4,0
2004-04-02,1288.9166666666667,1693.0,1059.2916666666667,1439.0,844.1666666666666,1197.0,1708.7083333333333,2083.0,1197.375,1723.0,17.941666666666666,27.6,49.104166666666664,73.7,0.9348875,1.0254,4,4,0
2004-04-03,1307.2083333333333,1697.0,989.7083333333334,1471.0,862.4583333333334,1145.0,1659.125,2153.0,1140.4583333333333,1548.0,19.133333333333333,25.8,45.699999999999996,61.7,0.9607041666666666,1.0912,5,4,1
2004-04-04,1202.7916666666667,1420.0,856.7916666666666,1085.0,939.7083333333334,1171.0,1562.375,1756.0,824.7916666666666,1057.0,18.89166666666667,26.1,50.1625,69.1,1.0414875,1.085,6,4,1
2004-04-05,1283.625,1631.0,970.5416666666666,1449.0,877.2083333333334,1536.0,1703.4583333333333,2299.0,1069.9583333333333,1615.0,16.8625,22.2,53.95416666666667,65.3,1.0167625,1.0717,0,4,0
2004-04-06,1200.5416666666667,1757.0,969.875,1636.0,889.5833333333334,1357.0,1663.7916666666667,2560.0,941.2083333333334,1806.0,16.925,20.9,48.20416666666667,61.6,0.9090541666666666,1.0408,1,4,0
2004-04-07,1051.7916666666667,1307.0,823.1666666666666,1171.0,1090.125,1826.0,1470.25,1821.0,685.4583333333334,1033.0,14.320833333333333,18.1,54.71666666666667,76.4,0.8671875,0.9953,2,4,0
2004-04-08,1153.2383333333335,1618.0,1005.7383333333333,1530.0,909.2466666666666,1366.0,1591.04,2189.0,1079.8833333333334,1791.0,14.479833333333334,21.5,49.2865,80.6,0.7366100000000001,0.8825,3,4,0
2004-04-09,1106.3799999999999,1176.0,862.13,917.0,940.93,982.84,1472.0900000000001,1560.0,1044.8,1151.0,13.238999999999999,13.932,54.979000000000006,67.9,0.82486,0.9523,4,4,0
2004-04-10,1051.4166666666667,1247.0,869.75,1037.0,973.9583333333334,1163.0,1467.8333333333333,1663.0,872.625,1219.0,15.091666666666667,22.1,49.166666666666664,73.4,0.7815083333333334,0.9503,5,4,1
2004-04-11,940.0,1153.0,707.9583333333334,945.0,1202.8333333333333,1452.0,1265.6666666666667,1425.0,631.7083333333334,913.0,14.775,22.7,43.762499999999996,71.0,0.6673416666666667,0.7531,6,4,1
2004-04-12,930.0416666666666,1115.0,599.75,776.0,1376.25,1923.0,1217.7916666666667,1384.0,462.5833333333333,697.0,12.2125,14.6,52.979166666666664,70.5,0.7398625,0.9173,0,4,0
2004-04-13,1111.0,1496.0,912.8333333333334,1354.0,988.875,1581.0,1542.2083333333333,2057.0,941.9583333333334,1579.0,13.058333333333332,16.6,53.050000000000004,68.7,0.7821875,0.851,1,4,0
2004-04-14,1143.75,1529.0,959.4583333333334,1497.0,898.25,1349.0,1582.0833333333333,2278.0,1104.2916666666667,1641.0,15.487499999999999,21.4,47.35833333333333,65.8,0.7877291666666667,0.8453,2,4,0
2004-04-15,1325.9583333333333,1875.0,1085.25,1637.0,814.0833333333334,1416.0,1732.4166666666667,2446.0,1351.6666666666667,2086.0,14.841666666666667,21.5,51.22083333333333,67.4,0.8357916666666667,1.013,3,4,0
2004-04-16,1330.0833333333333,1689.0,1069.0,1474.0,763.2916666666666,1159.0,1793.0833333333333,2298.0,1221.625,1600.0,14.091666666666667,19.2,69.34166666666667,81.0,1.0991541666666667,1.2654,4,4,0
2004-04-17,1064.75,1297.0,828.625,1003.0,960.9166666666666,1158.0,1553.1666666666667,1706.0,838.1666666666666,1177.0,15.545833333333334,19.7,64.27916666666667,82.4,1.0987625,1.2348,5,4,1
2004-04-18,1071.1666666666667,1342.0,800.625,1102.0,994.375,1309.0,1559.0416666666667,1824.0,768.9583333333334,1156.0,15.595833333333333,17.5,64.1375,77.2,1.12185,1.2695,6,4,1
2004-04-19,1051.5555555555557,1399.0,816.0,1260.0,1000.3333333333334,1275.0,1614.4444444444443,1976.0,907.3333333333334,1308.0,14.299999999999999,16.5,70.03333333333333,78.3,1.1306555555555555,1.1716,0,4,0
2004-04-24,1240.7916666666667,1567.0,976.3333333333334,1280.0,840.8333333333334,1157.0,1667.5416666666667,1970.0,1119.2083333333333,1502.0,20.083333333333332,27.5,48.520833333333336,79.7,1.0794291666666667,1.2953,5,4,1
2004-04-25,916.4583333333334,1169.0,695.125,1083.0,1274.3333333333333,1783.0,1267.2916666666667,1654.0,514.2083333333334,955.0,15.625,20.2,41.19583333333333,66.8,0.700525,0.9455,6,4,1
2004-04-26,958.0833333333334,1181.0,778.5833333333334,1114.0,1143.25,1826.0,1367.5416666666667,1685.0,650.75,1032.0,16.795833333333334,20.7,38.55833333333333,45.5,0.7247291666666666,0.7602,0,4,0
2004-04-29,1322.6666666666667,1771.0,1141.2916666666667,1690.0,757.8333333333334,1168.0,1873.0833333333333,2572.0,1364.875,2006.0,18.916666666666668,25.6,51.19166666666666,70.7,1.0685458333333333,1.3554,3,4,0
2004-04-30,1330.0833333333333,1626.0,1103.5833333333333,1476.0,732.125,1009.0,1916.9583333333333,2356.0,1306.125,1786.0,17.995833333333334,22.7,66.57083333333334,78.6,1.3452291666666667,1.4852,4,4,0
2004-05-01,1097.5,1425.0,913.7083333333334,1155.0,918.0833333333334,1205.0,1640.4166666666667,1936.0,904.625,1789.0,20.150000000000002,26.1,52.18333333333334,73.1,1.1673125,1.346,5,5,1
2004-05-02,1055.7083333333333,1394.0,858.9166666666666,1111.0,955.5,1212.0,1575.4166666666667,1853.0,872.0416666666666,1288.0,19.591666666666665,25.9,49.56666666666666,70.2,1.0740666666666667,1.2632,6,5,1
2004-05-03,1165.0833333333333,1597.0,995.5,1466.0,861.0416666666666,1284.0,1725.375,2400.0,1029.7083333333333,1687.0,21.23333333333333,30.9,48.75416666666666,68.9,1.1285291666666668,1.4028,0,5,0
2004-05-04,1143.7916666666667,1564.0,971.7083333333334,1379.0,860.0833333333334,1335.0,1795.875,2306.0,929.9583333333334,1413.0,18.0125,21.5,66.27499999999999,81.0,1.3368041666666668,1.4681,1,5,0
2004-05-05,1079.1666666666667,1449.0,942.9166666666666,1350.0,916.5833333333334,1480.0,1737.625,2264.0,871.125,1452.0,16.2375,19.0,66.89166666666667,79.8,1.2174208333333334,1.3379,2,5,0
2004-05-06,1000.5,1272.0,897.3333333333334,1304.0,991.0416666666666,1635.0,1607.5416666666667,2029.0,795.5,1315.0,14.316666666666668,20.2,62.77916666666667,78.3,1.0046208333333333,1.1154,3,5,0
2004-05-07,999.4166666666666,1247.0,936.875,1355.0,924.7083333333334,1269.0,1601.0416666666667,2095.0,814.4166666666666,1266.0,15.458333333333334,21.2,55.583333333333336,70.4,0.9385916666666666,1.0794,4,5,0
2004-05-08,1002.2916666666666,1215.0,839.5,1209.0,1021.5,1544.0,1505.4166666666667,1829.0,767.1666666666666,1237.0,14.283333333333333,20.0,59.30833333333334,85.2,0.9350458333333332,1.1703,5,5,1
2004-05-09,1020.9166666666666,1132.0,837.25,985.0,950.4166666666666,1266.0,1519.5833333333333,1625.0,813.7083333333334,1087.0,15.258333333333333,19.3,56.92083333333333,73.8,0.9671708333333333,1.1577,6,5,1
2004-05-10,1110.4583333333333,1632.0,1041.5416666666667,1668.0,857.9583333333334,1462.0,1747.5416666666667,2617.0,1010.25,1749.0,17.9375,25.2,50.4625,67.4,0.9980541666666666,1.0392,0,5,0
2004-05-11,1206.0,1650.0,1111.5,1649.0,811.4166666666666,1366.0,1804.375,2423.0,1202.125,1822.0,18.962500000000002,26.5,48.05416666666667,70.5,0.9800458333333334,1.2072,1,5,0
2004-05-12,1213.8333333333333,1754.0,1062.625,1716.0,778.625,1132.0,1799.4166666666667,2667.0,1182.25,1895.0,17.204166666666666,21.9,56.32083333333333,68.3,1.0920958333333333,1.325,2,5,0
2004-05-13,1126.0416666666667,1428.0,974.9166666666666,1368.0,878.9583333333334,1554.0,1682.2916666666667,2102.0,980.625,1602.0,17.670833333333334,20.3,51.34166666666667,59.3,1.0258666666666667,1.1486,3,5,0
2004-05-14,1121.8333333333333,1512.0,1069.25,1530.0,813.8333333333334,978.0,1669.4166666666667,2326.0,1157.3333333333333,1725.0,21.833333333333332,28.4,37.30833333333333,59.9,0.8978875,1.1298,4,5,0
2004-05-15,1043.5833333333333,1284.0,930.125,1174.0,938.7083333333334,1171.0,1497.8333333333333,1774.0,975.5,1486.0,21.037499999999998,28.2,34.387499999999996,51.4,0.8069833333333333,0.8807,5,5,1
2004-05-16,1034.4583333333333,1403.0,841.2083333333334,1151.0,1010.0833333333334,1326.0,1442.7083333333333,1820.0,773.5833333333334,1205.0,22.3625,31.5,34.8375,51.4,0.8879916666666666,1.1995,6,5,1
2004-05-17,986.5416666666666,1215.0,886.8333333333334,1234.0,1047.5416666666667,1566.0,1394.7083333333333,1735.0,798.5416666666666,1243.0,21.349999999999998,26.7,26.020833333333332,38.1,0.6353333333333333,0.7304,0,5,0
2004-05-18,1157.9583333333333,1745.0,1018.7083333333334,1748.0,887.2916666666666,1413.0,1647.5833333333333,2605.0,1075.0833333333333,2054.0,23.754166666666666,32.2,30.983333333333334,46.5,0.8575083333333334,0.9019,1,5,0
2004-05-19,1196.9583333333333,1716.0,1041.9583333333333,1701.0,827.7916666666666,1224.0,1703.2916666666667,2545.0,1076.5833333333333,2018.0,22.9875,31.6,37.69166666666667,53.4,0.9914083333333333,1.1313,2,5,0
2004-05-20,1237.375,1763.0,1055.7083333333333,1617.0,806.2916666666666,1265.0,1724.5833333333333,2503.0,1087.125,1835.0,23.650000000000002,32.6,37.43333333333333,59.0,1.0030458333333334,1.1279,3,5,0
2004-05-21,1210.9583333333333,1522.0,1039.4583333333333,1509.0,817.0,1167.0,1679.625,2275.0,1108.0,1828.0,23.483333333333334,32.8,34.72083333333333,54.7,0.9292125000000001,1.0004,4,5,0
2004-05-22,1235.4583333333333,1466.0,1006.6666666666666,1240.0,792.8333333333334,1024.0,1706.625,1965.0,1080.2083333333333,1454.0,22.037499999999998,29.2,42.354166666666664,53.8,1.0831208333333333,1.2771,5,5,1
2004-05-23,1058.6666666666667,1507.0,812.0416666666666,1311.0,1006.25,1257.0,1531.8333333333333,2107.0,765.9166666666666,1499.0,22.3625,28.8,41.75833333333333,61.6,1.0685916666666666,1.2679,6,5,1
2004-05-24,879.5,1006.0,781.875,1100.0,1212.1666666666667,1904.0,1246.4583333333333,1416.0,617.0833333333334,987.0,19.9375,25.8,25.666666666666668,45.2,0.5586041666666667,0.8394,0,5,0
2004-05-25,1064.0416666666667,1321.0,1065.7916666666667,1542.6666666666667,980.6666666666666,1559.0,1454.1666666666667,1859.0,1037.5416666666667,1481.0,23.55,32.6,20.404166666666665,40.0,0.5044708333333333,0.6151333333333333,1,5,0
2004-05-26,1177.3166666666666,1313.8,1358.125,1776.0,1000.6583333333333,1276.0,1540.0166666666667,1720.0,1293.2250000000001,1608.0,25.944166666666664,32.3,23.754166666666666,35.7,0.7307558333333333,0.844,2,5,0
2004-05-27,1087.7083333333333,1485.0,1040.7916666666667,1650.0,1022.75,1442.0,1615.7916666666667,2337.0,1027.9166666666667,1789.0,22.854166666666668,31.3,32.06666666666667,48.6,0.8372958333333332,0.9088,3,5,0
2004-05-28,1037.0416666666667,1245.0,984.8333333333334,1367.0,984.375,1305.0,1622.2083333333333,2008.0,919.0,1330.0,21.34166666666667,29.6,41.141666666666666,54.8,0.99045,1.2148,4,5,0
2004-05-29,880.9583333333334,1065.0,776.7083333333334,1106.0,1242.7916666666667,1588.0,1407.4583333333333,1707.0,615.75,929.0,20.270833333333332,23.8,39.0625,51.9,0.9044208333333333,1.0504,5,5,1
2004-05-30,875.9583333333334,1035.0,788.625,1110.0,1212.25,1502.0,1383.9583333333333,1652.0,656.9166666666666,1044.0,23.712500000000002,32.0,31.28333333333333,47.7,0.8442124999999999,0.9385,6,5,1
2004-05-31,1007.0,1252.0,977.125,1429.0,974.4583333333334,1451.0,1663.3333333333333,2120.0,868.25,1390.0,22.791666666666668,30.9,42.87083333333334,81.6,1.1112875,1.6296,0,5,0
2004-06-01,1135.5833333333333,1501.0,1021.875,1501.0,896.7916666666666,1527.0,1881.5,2486.0,1066.9583333333333,1517.0,20.325,25.7,66.15416666666667,82.3,1.5333499999999998,1.6688,1,6,0
2004-06-02,977.4583333333334,1223.0,856.7083333333334,1142.0,1009.0833333333334,1280.0,1697.9583333333333,1965.0,823.1666666666666,1084.0,23.895833333333332,31.8,52.68333333333334,70.7,1.4779875,1.5799,2,6,0
2004-06-03,991.7083333333334,1234.0,986.75,1318.0,958.5,1517.0,1729.25,2180.0,992.6666666666666,2202.0,23.308333333333334,29.1,45.949999999999996,79.0,1.2181916666666666,1.704,3,6,0
2004-06-04,960.5238095238095,1120.0,930.1904761904761,1226.0,1011.4285714285714,1570.0,1629.3333333333333,1938.0,819.047619047619,1088.0,23.64761904761905,28.3,38.93333333333334,54.0,1.0894761904761905,1.2342,4,6,0
2004-06-05,962.625,1157.0,891.2916666666666,1183.0,975.1666666666666,1135.0,1660.5,1970.0,852.5416666666666,1079.0,23.8875,30.7,45.07083333333333,59.4,1.2747666666666666,1.6315,5,6,1
2004-06-06,849.9166666666666,968.0,751.9583333333334,914.0,1139.0416666666667,1471.0,1516.4583333333333,1739.0,629.25,862.0,21.90416666666667,27.0,48.729166666666664,81.8,1.1993208333333334,1.5816,6,6,1
2004-06-07,973.8333333333334,1243.0,1031.8333333333333,1524.0,919.9583333333334,1281.0,1756.3333333333333,2281.0,957.25,1470.0,25.558333333333334,35.9,37.7125,57.9,1.1236166666666667,1.2898,0,6,0
2004-06-08,1069.5833333333333,1377.0,1086.5,1688.0,870.5416666666666,1449.0,1861.4166666666667,2746.0,1095.6666666666667,1708.0,27.316666666666666,37.8,38.35,62.3,1.255925,1.313,1,6,0
2004-06-09,1122.3333333333333,1496.0,1114.125,1705.0,803.4166666666666,1113.0,1872.5416666666667,2691.0,1179.2916666666667,2147.0,29.441666666666666,40.6,35.84583333333333,56.0,1.3138708333333333,1.4672,2,6,0
2004-06-10,1121.4166666666667,1373.0,1114.5,1561.0,794.3333333333334,1138.0,1880.375,2525.0,1128.0416666666667,1640.0,29.025000000000002,40.4,36.65833333333333,59.4,1.32895,1.502,3,6,0
2004-06-11,1035.25,1355.0,1056.25,1526.0,851.125,1176.0,1732.3333333333333,2397.0,1048.9583333333333,1658.0,28.425,37.4,29.583333333333332,51.4,1.0332833333333333,1.2065,4,6,0
2004-06-12,1023.2916666666666,1245.0,901.5416666666666,1119.0,894.2916666666666,1109.0,1616.6666666666667,1870.0,868.125,1200.0,27.325,37.0,33.55416666666667,46.6,1.1616166666666665,1.4135,5,6,1
2004-06-13,846.5833333333334,1086.0,641.7083333333334,946.0,1263.25,1534.0,1395.2916666666667,1729.0,498.2083333333333,945.0,22.304166666666664,26.2,42.84166666666667,51.0,1.1435,1.4599,6,6,1
2004-06-14,878.875,1072.0,736.2083333333334,1057.0,1185.25,1941.0,1494.0833333333333,1820.0,600.1666666666666,885.0,22.183333333333334,25.6,43.89166666666667,52.7,1.1538916666666668,1.2534,0,6,0
2004-06-15,999.7916666666666,1287.0,1011.0833333333334,1424.0,900.4583333333334,1525.0,1744.2916666666667,2319.0,935.9583333333334,1489.0,26.575,35.3,36.06666666666667,51.8,1.1686416666666666,1.2524,1,6,0
2004-06-16,1059.5,1440.0,1015.4583333333334,1556.0,822.5,1163.0,1787.2916666666667,2530.0,933.0,1561.0,25.9375,33.6,41.97083333333333,59.8,1.3132625,1.4659,2,6,0
2004-06-17,1048.875,1335.0,1022.8333333333334,1496.0,824.0416666666666,1102.0,1794.9583333333333,2385.0,1007.7083333333334,1690.0,25.291666666666668,31.5,42.625,60.8,1.3121125,1.394,3,6,0
2004-06-18,1042.8333333333333,1306.0,1035.5833333333333,1522.0,825.2916666666666,1259.0,1800.1666666666667,2450.0,961.6666666666666,1545.0,28.2375,37.6,38.00416666666667,54.1,1.3521041666666667,1.4733,4,6,0
2004-06-19,990.9807692307692,1101.0,883.5096153846154,992.0,909.25,1109.0,1647.9583333333333,1774.0,774.7083333333334,1007.0,29.473076923076928,36.1,35.82884615384615,55.0,1.3452266025641026,1.4517,5,6,1
2004-06-20,990.2649572649572,1009.5384615384615,895.9647435897435,922.2307692307692,943.5555555555555,1286.3333333333337,1643.375,1664.0,711.6666666666666,730.0,32.443162393162396,33.45384615384616,29.137286324786327,50.95641025641026,1.2768219017094016,1.2833384615384615,6,6,1
2004-06-21,917.7126068376068,1221.0,917.5673076923076,1386.0,954.0694444444445,1353.0,1601.7083333333333,2138.0,764.25,1412.0,24.52542735042735,31.1,36.76303418803419,57.6,1.0254473290598292,1.200874358974359,0,6,0
2004-06-22,1023.75,1332.0,1031.2916666666667,1556.0,842.8333333333334,1385.0,1765.7916666666667,2394.0,1001.6666666666666,1660.0,25.504166666666666,33.5,37.975,56.5,1.1623583333333334,1.2095,1,6,0
2004-06-23,1080.125,1313.0,1061.125,1408.0,786.7083333333334,1183.0,1815.2083333333333,2210.0,1116.2916666666667,1598.0,27.22083333333333,35.4,36.520833333333336,52.3,1.2278416666666667,1.44,2,6,0
2004-06-24,1042.125,1256.0,914.0416666666666,1340.0,846.2083333333334,1062.0,1722.0,2176.0,844.1666666666666,1280.0,27.808333333333334,35.8,41.333333333333336,60.9,1.4347916666666667,1.7193,3,6,0
2004-06-25,1013.0833333333334,1203.0,986.5,1237.0,834.0833333333334,1144.0,1679.9583333333333,1968.0,933.9583333333334,1370.0,27.883333333333336,36.2,33.699999999999996,57.0,1.160025,1.3793,4,6,0
2004-06-26,981.0833333333334,1214.0,877.1666666666666,1151.0,913.5833333333334,1171.0,1567.875,1938.0,869.875,1323.0,28.09166666666667,38.4,32.24583333333333,45.8,1.1505791666666667,1.5098,5,6,1
2004-06-27,984.2916666666666,1127.0,858.75,1075.0,921.3333333333334,1195.0,1593.8333333333333,1830.0,847.0416666666666,1266.0,31.241666666666664,42.2,33.670833333333334,53.7,1.3508958333333334,1.5318,6,6,1
2004-06-28,1098.375,1441.0,1040.7083333333333,1606.0,786.5833333333334,1079.0,1798.0416666666667,2568.0,1042.25,1791.0,31.099999999999998,40.4,33.2125,50.1,1.3867083333333332,1.4854,0,6,0
2004-06-29,1164.1666666666667,1502.0,1082.125,1631.0,731.2916666666666,1080.0,1919.3333333333333,2622.0,1170.1666666666667,1858.0,31.116666666666664,38.0,37.05833333333333,49.5,1.5999875000000001,1.8362,1,6,0
2004-06-30,1156.0833333333333,1506.0,1080.3333333333333,1499.0,719.6666666666666,1052.0,1898.4583333333333,2485.0,1257.7083333333333,2043.0,31.608333333333334,39.7,38.65,59.1,1.679625,1.939,2,6,0
2004-07-01,1130.5833333333333,1380.0,1038.5416666666667,1376.0,740.9166666666666,1079.0,1854.25,2337.0,1059.625,1617.0,30.45,38.1,39.69166666666667,58.6,1.6241083333333333,1.7969,3,7,0
2004-07-02,1097.875,1529.0,1022.0416666666666,1526.0,767.9583333333334,1046.0,1758.0416666666667,2559.0,1031.4166666666667,1763.0,30.1875,38.8,33.77916666666667,50.6,1.3643416666666666,1.6396,4,7,0
2004-07-03,989.8333333333334,1173.0,899.75,1130.0,866.4166666666666,1077.0,1563.9166666666667,1885.0,857.25,1401.0,28.712500000000002,38.0,31.895833333333332,50.7,1.129375,1.3473,5,7,1
2004-07-04,956.875,1217.0,810.5833333333334,1060.0,932.9166666666666,1185.0,1527.375,1840.0,752.4166666666666,1227.0,29.070833333333336,39.3,35.59166666666667,59.6,1.2523541666666667,1.5732,6,7,1
2004-07-05,1057.5416666666667,1344.0,1011.7916666666666,1496.0,802.75,1120.0,1690.75,2311.0,1047.9166666666667,1651.0,29.5625,40.4,31.0125,51.4,1.1601625,1.3251,0,7,0
2004-07-06,1120.4583333333333,1467.0,1106.4166666666667,1575.0,743.6666666666666,1123.0,1777.8333333333333,2460.0,1308.2916666666667,2475.0,30.541666666666668,40.2,31.145833333333332,52.5,1.2025,1.4404,1,7,0
2004-07-07,1167.6666666666667,1502.0,1128.5416666666667,1546.0,722.9166666666666,1073.0,1770.2916666666667,2305.0,1402.0416666666667,2021.0,32.387499999999996,42.6,25.40833333333333,39.3,1.1090208333333333,1.3055,2,7,0
2004-07-08,1207.7916666666667,1611.0,1109.625,1552.0,697.5833333333334,910.0,1778.25,2371.0,1384.1666666666667,1948.0,32.47083333333333,41.9,28.208333333333332,40.4,1.2855125,1.6308,3,7,0
2004-07-09,1055.0,1355.0,990.5,1282.0,801.5416666666666,1144.0,1642.4583333333333,1996.0,901.5416666666666,1714.0,28.995833333333334,34.4,31.21666666666667,46.2,1.1824833333333333,1.6039,4,7,0
2004-07-10,918.1666666666666,1118.0,822.1666666666666,1082.0,942.875,1126.0,1487.5,1792.0,636.5833333333334,1080.0,26.620833333333334,33.3,35.729166666666664,53.2,1.1443083333333333,1.3379,5,7,1
2004-07-11,894.1666666666666,1153.0,768.4583333333334,1042.0,998.7916666666666,1254.0,1448.0,1713.0,627.9583333333334,1022.0,25.770833333333332,33.0,36.0875,52.6,1.1136708333333334,1.2596,6,7,1
2004-07-12,960.9166666666666,1272.0,907.3333333333334,1328.0,870.5416666666666,1269.0,1582.25,2085.0,868.1666666666666,1463.0,22.75,28.5,40.795833333333334,57.4,1.0953666666666668,1.2452,0,7,0
2004-07-13,972.0,1257.0,1022.2916666666666,1495.0,824.0,1274.0,1628.0,2245.0,1062.1666666666667,1647.0,24.8875,34.5,34.71666666666667,59.8,0.9625,1.1387,1,7,0
2004-07-14,1003.7916666666666,1339.0,1081.9166666666667,1561.0,787.2916666666666,1076.0,1648.2916666666667,2357.0,1122.9583333333333,1791.0,27.608333333333334,36.0,28.46666666666667,49.4,0.9359625,1.098,2,7,0
2004-07-15,1033.3333333333333,1291.0,1040.5833333333333,1434.0,775.4583333333334,1105.0,1665.0833333333333,2239.0,1014.0,1620.0,27.854166666666668,37.1,32.59166666666667,48.4,1.1326541666666667,1.3818,3,7,0
2004-07-16,1034.0416666666667,1319.0,1034.2083333333333,1470.0,788.5416666666666,1155.0,1643.25,2276.0,1039.0833333333333,1589.0,28.616666666666664,38.1,30.991666666666664,48.5,1.1031666666666666,1.4452,4,7,0
2004-07-17,1010.9583333333334,1165.0,917.0833333333334,1080.0,827.3333333333334,1039.0,1505.75,1675.0,962.6666666666666,1360.0,29.820833333333336,41.1,29.22083333333333,46.9,1.0803,1.198,5,7,1
2004-07-18,990.7916666666666,1147.0,805.3333333333334,1040.0,913.5833333333334,1132.0,1416.7083333333333,1635.0,776.0,1279.0,30.55,41.4,26.90416666666667,48.5,1.0428541666666666,1.1405,6,7,1
2004-07-19,1128.5833333333333,1403.0,1027.1666666666667,1443.0,750.125,1090.0,1660.625,2234.0,1180.4583333333333,1811.0,31.129166666666666,41.4,28.808333333333334,46.5,1.1855166666666668,1.3343,0,7,0
2004-07-20,1189.2083333333333,1626.0,1089.9166666666667,1713.0,689.4583333333334,924.0,1745.7083333333333,2643.0,1280.4166666666667,2176.0,32.225,42.8,29.224999999999998,47.4,1.2628958333333333,1.3794,1,7,0
2004-07-21,1181.2916666666667,1526.0,1058.2916666666667,1495.0,705.9166666666666,1006.0,1731.7916666666667,2405.0,1197.3333333333333,1904.0,32.362500000000004,42.7,30.804166666666664,50.1,1.3389541666666667,1.537,2,7,0
2004-07-22,1216.3333333333333,1602.0,1120.3333333333333,1678.0,659.4166666666666,867.0,1830.5416666666667,2662.0,1355.0416666666667,2105.0,32.99583333333333,44.6,33.0875,55.4,1.4549874999999999,1.621,3,7,0
2004-07-23,1134.7916666666667,1367.0,1074.5416666666667,1441.0,688.5833333333334,891.0,1780.4583333333333,2283.0,1220.4166666666667,1770.0,32.55833333333333,43.1,31.849999999999998,51.5,1.3979541666666666,1.5071,4,7,0
2004-07-24,1046.8333333333333,1238.0,858.125,1156.0,802.9583333333334,983.0,1640.5833333333333,1897.0,868.4166666666666,1353.0,30.108333333333334,38.3,39.87916666666667,52.2,1.6297541666666666,1.837,5,7,1
2004-07-25,932.2916666666666,1163.0,677.2916666666666,893.0,1040.25,1242.0,1514.625,1760.0,581.3333333333334,977.0,26.758333333333336,31.5,49.75416666666666,69.3,1.6898833333333334,2.0042,6,7,1
2004-07-26,983.0416666666666,1163.0,876.5833333333334,1227.0,868.9166666666666,1204.0,1606.8333333333333,1931.0,806.5416666666666,1169.0,30.108333333333334,36.3,35.612500000000004,48.5,1.4415625,1.616,0,7,0
2004-07-27,921.7916666666666,1086.0,850.5416666666666,1045.0,882.1666666666666,1128.0,1509.8333333333333,1724.0,758.5,1134.0,28.016666666666666,32.8,32.475,48.8,1.1796416666666667,1.4337,1,7,0
2004-07-28,887.1111111111111,1210.0,872.1111111111111,1472.0,880.2222222222222,1156.0,1501.5555555555557,2112.0,878.7777777777778,1525.0,22.12222222222222,24.5,36.82222222222222,42.5,0.9621444444444445,1.0201,2,7,0
2004-08-01,974.1666666666666,1170.0,792.5833333333334,1020.0,880.0833333333334,1119.0,1559.0,1798.0,670.5833333333334,1086.0,30.65416666666667,40.2,42.12083333333333,63.6,1.6735208333333336,1.9998,6,8,1
2004-08-02,1055.2083333333333,1297.0,930.9166666666666,1233.0,768.8333333333334,1203.0,1709.4583333333333,2129.0,764.0416666666666,1248.0,30.545833333333334,38.0,43.63333333333333,62.8,1.7645208333333333,2.067,0,8,0
2004-08-03,1099.2916666666667,1362.0,958.625,1333.0,733.5416666666666,1186.0,1768.3333333333333,2256.0,899.0416666666666,1533.0,30.704166666666666,38.0,41.35,52.3,1.744575,1.9105,1,8,0
2004-08-04,1036.5833333333333,1381.0,902.0416666666666,1454.0,768.1666666666666,987.0,1698.0833333333333,2404.0,872.1666666666666,1607.0,30.575,39.3,42.05833333333333,58.6,1.719525,1.8891,2,8,0
2004-08-06,1079.1666666666667,1307.0,980.7916666666666,1270.0,698.375,930.0,1803.9166666666667,2191.0,1104.2916666666667,1451.0,26.483333333333334,35.6,58.0375,75.9,1.8899666666666668,2.019,4,8,0
2004-08-07,927.9166666666666,1075.0,829.4583333333334,1012.0,838.25,1068.0,1608.0,1838.0,773.0833333333334,1113.0,29.09583333333333,38.5,46.362500000000004,67.1,1.7155291666666665,1.8897,5,8,1
2004-08-08,935.1666666666666,1124.0,752.4166666666666,992.0,904.9166666666666,1129.0,1576.3333333333333,1791.0,665.5416666666666,1013.0,28.041666666666668,35.1,50.145833333333336,68.0,1.8238625,2.1806,6,8,1
2004-08-09,1025.1666666666667,1185.0,892.375,1152.0,767.9583333333334,1065.0,1691.9583333333333,2005.0,913.9583333333334,1336.0,28.84166666666667,34.4,48.65833333333333,68.0,1.8217125,1.9804,0,8,0
2004-08-10,1064.2916666666667,1268.0,920.25,1259.0,748.0833333333334,955.0,1706.2083333333333,2114.0,943.375,1433.0,31.545833333333334,40.5,43.887499999999996,67.4,1.8547083333333332,2.0821,1,8,0
2004-08-11,1058.0,1179.0,855.4583333333334,1019.0,778.4583333333334,961.0,1700.4166666666667,1904.0,869.0416666666666,1178.0,31.5,38.8,46.00416666666666,63.7,1.9978125,2.117,2,8,0
2004-08-12,1001.125,1205.0,834.4583333333334,1118.0,824.5416666666666,1027.0,1684.3333333333333,2019.0,762.2916666666666,1189.0,30.7375,38.1,47.5875,64.6,1.978925,2.1719,3,8,0
2004-08-13,925.0416666666666,1086.0,760.4583333333334,981.0,936.125,1264.0,1558.5416666666667,1818.0,598.75,1007.0,29.808333333333334,36.3,44.47083333333333,67.1,1.7402291666666667,2.1395,4,8,0
2004-08-14,906.0833333333334,1005.0,722.9166666666666,868.0,954.375,1232.0,1503.0833333333333,1639.0,609.75,890.0,29.958333333333332,38.9,41.800000000000004,57.2,1.6433958333333332,1.7898,5,8,1
2004-08-15,847.4166666666666,982.0,693.25,906.0,1033.3333333333333,1281.0,1406.4166666666667,1562.0,609.5416666666666,1002.0,29.8125,38.3,37.766666666666666,62.2,1.4144625,1.7077,6,8,1
2004-08-16,891.3333333333334,1028.0,797.625,1048.0,939.2916666666666,1238.0,1410.4166666666667,1624.0,707.0833333333334,1135.0,30.075,39.7,30.233333333333334,47.0,1.169975,1.3722,0,8,0
2004-08-17,986.25,1155.0,828.7083333333334,1181.0,845.6666666666666,1069.0,1484.4166666666667,1850.0,811.9166666666666,1302.0,30.391666666666666,38.8,33.858333333333334,53.9,1.3470875,1.4666,1,8,0
2004-08-18,998.5416666666666,1077.0,847.5416666666666,1022.0,811.2916666666666,920.0,1550.9583333333333,1693.0,801.4583333333334,1138.0,29.837500000000002,36.8,37.40833333333333,52.9,1.5247208333333333,1.964,2,8,0
2004-08-19,998.8333333333334,1116.0,798.2083333333334,953.0,842.7916666666666,1187.0,1611.25,1759.0,727.5833333333334,927.0,32.233333333333334,39.9,41.4,54.4,1.8804791666666667,2.0375,3,8,0
2004-08-20,982.625,1175.0,786.9166666666666,1080.0,856.375,1398.0,1609.8333333333333,1931.0,687.2083333333334,1102.0,30.616666666666664,36.8,45.25833333333333,59.0,1.9148041666666666,2.0767,4,8,0
2004-08-21,851.625,965.0,712.7083333333334,936.0,1015.0833333333334,1171.0,1383.125,1563.0,544.0,866.0,26.791666666666668,32.4,37.69583333333333,47.3,1.2938458333333334,1.6121,5,8,1
2004-08-22,912.3333333333334,944.0,835.3333333333334,900.0,848.3333333333334,868.0,1509.0,1549.0,817.6666666666666,830.0,22.166666666666668,22.8,52.199999999999996,57.4,1.3758333333333332,1.4037,6,8,1
2004-08-23,909.7894736842105,1028.0,846.0,1146.0,865.0,1093.0,1425.1052631578948,1766.0,730.3157894736842,1087.0,29.563157894736843,37.3,30.742105263157896,51.6,1.1673842105263157,1.3243,0,8,0
2004-08-24,967.9583333333334,1093.0,853.0416666666666,1133.0,816.9583333333334,1181.0,1468.6666666666667,1678.0,808.2916666666666,1208.0,27.987499999999997,38.3,35.99166666666667,50.4,1.2742833333333332,1.8284,1,8,0
2004-08-25,1014.6666666666666,1314.0,872.4583333333334,1325.0,768.8333333333334,1102.0,1595.8333333333333,2143.0,812.9166666666666,1390.0,28.612499999999997,36.3,42.145833333333336,56.1,1.5917833333333335,1.871,2,8,0
2004-08-26,842.0353260869565,969.0,653.5951086956521,857.0,1041.731884057971,1189.0,1305.8949275362318,1485.0,612.0153985507246,821.0,23.37146739130435,24.3,47.41141304347826,48.34347826086957,1.3400878623188406,1.3501521739130435,3,8,0
2004-08-27,840.4211956521739,841.0869565217391,653.3070652173913,693.8695652173913,1034.3641304347825,1049.391304347826,1308.336956521739,1355.086956521739,640.3342391304349,778.5217391304348,22.820380434782606,23.191304347826087,49.54184782608696,58.20434782608695,1.3501902173913045,1.3504652173913043,4,8,0
2004-08-28,933.0797101449275,1125.0,806.6376811594204,952.0,848.6503623188406,1145.0,1442.1721014492753,1690.0,740.2409420289855,1034.0,26.88786231884058,35.9,41.65235507246377,59.3,1.3526894927536233,1.6765,5,8,1
2004-08-29,987.4166666666666,1181.0,826.7083333333334,1107.0,791.0833333333334,982.0,1531.125,1807.0,756.0833333333334,1026.0,27.520833333333332,36.2,44.987500000000004,66.9,1.5171875000000001,1.7141,6,8,1
2004-08-30,1071.3,1393.0,977.95,1567.0,716.05,1127.0,1685.25,2381.0,900.8,1562.0,27.369999999999997,33.8,46.12,64.0,1.590925,1.677,0,8,0
2004-08-31,1116.7333333333333,1209.0,1052.4,1196.0,628.8666666666667,756.0,1731.4666666666667,1911.0,967.5333333333333,1255.0,29.753333333333334,34.5,38.32,53.4,1.5346333333333333,1.6852,1,8,0
2004-09-01,1060.5833333333333,1410.0,1050.25,1669.0,678.5833333333334,994.0,1683.5416666666667,2555.0,1021.5,1644.0,27.070833333333336,35.5,42.09166666666667,66.8,1.3834833333333334,1.6031,2,9,0
2004-09-02,1084.1666666666667,1464.0,1072.75,1552.0,668.9583333333334,977.0,1675.125,2366.0,1137.2916666666667,1738.0,28.916666666666668,38.7,38.06666666666667,57.2,1.3910166666666666,1.5165,3,9,0
2004-09-03,1129.6666666666667,1488.0,1069.4166666666667,1653.0,658.9583333333334,954.0,1689.9583333333333,2537.0,1213.5833333333333,1782.0,29.979166666666668,39.3,37.237500000000004,59.3,1.4423208333333333,1.5747,4,9,0
2004-09-04,1072.5,1226.0,913.75,1091.0,713.3125,816.0,1517.0625,1697.0,1002.4375,1362.0,28.7,38.3,39.75625,55.4,1.43055,1.4999,5,9,1
2004-09-09,1113.4166666666667,1425.0,1066.4583333333333,1605.0,951.5833333333334,1370.0,1460.3333333333333,1920.0,1211.5416666666667,2321.0,28.525000000000002,38.4,26.55,37.5,0.9646708333333334,1.229,3,9,0
2004-09-10,1080.4583333333333,1417.0,1009.5,1511.0,910.8333333333334,1219.0,1447.125,1975.0,1020.2083333333334,1676.0,27.912499999999998,34.9,30.6125,45.8,1.077275,1.2049,4,9,0
2004-09-11,1107.75,1323.0,928.125,1190.0,880.4166666666666,1189.0,1427.4583333333333,1702.0,942.25,1479.0,27.208333333333332,35.9,35.550000000000004,50.8,1.2052791666666667,1.4424,5,9,1
2004-09-14,1148.4583333333333,1540.0,1016.375,1601.0,775.875,1061.0,1716.25,2382.0,1094.1666666666667,1743.0,25.195833333333336,34.0,55.95416666666667,87.2,1.71355,1.967,1,9,0
2004-09-15,1205.375,1571.0,1088.4583333333333,1593.0,708.25,1082.0,1846.6666666666667,2409.0,1213.6666666666667,1686.0,22.84166666666667,26.9,67.76666666666667,81.5,1.8466791666666669,1.9776,2,9,0
2004-09-16,1072.0,1435.0,1015.5,1430.0,781.875,1107.0,1656.9166666666667,2194.0,1084.9166666666667,1518.0,21.429166666666664,23.8,61.10833333333333,76.0,1.5256,1.7394,3,9,0
2004-09-17,945.2083333333334,1147.0,882.9583333333334,1178.0,980.375,1472.0,1440.0,1708.0,830.4166666666666,1114.0,21.8,23.9,48.52916666666667,61.9,1.2407291666666667,1.4017,4,9,0
2004-09-18,933.6666666666666,1191.0,814.0833333333334,1055.0,995.25,1319.0,1331.875,1563.0,732.375,1221.0,24.025000000000002,29.1,38.858333333333334,50.7,1.1190083333333334,1.2626,5,9,1
2004-09-19,1044.9583333333333,1345.0,941.5416666666666,1317.0,824.7916666666666,1169.0,1492.9166666666667,1816.0,961.9583333333334,1416.0,24.829166666666666,34.6,43.92083333333333,66.8,1.2793333333333334,1.4632,6,9,1
2004-09-20,1130.0,1479.0,1095.3333333333333,1663.0,747.375,1122.0,1660.4583333333333,2338.0,1151.9166666666667,1785.0,25.570833333333336,34.3,43.262499999999996,65.6,1.3196291666666666,1.4666,0,9,0
2004-09-21,1181.875,1587.0,1124.7083333333333,1795.0,712.3333333333334,1119.0,1726.0416666666667,2531.0,1163.0833333333333,1820.0,24.704166666666666,31.5,47.61666666666667,66.1,1.42305,1.548,1,9,0
2004-09-22,1166.7083333333333,1514.0,1113.4583333333333,1648.0,699.4583333333334,1133.0,1728.0833333333333,2400.0,1163.5833333333333,1798.0,24.604166666666668,32.9,51.27916666666667,72.5,1.4947625,1.7127,2,9,0
2004-09-23,1159.2916666666667,1446.0,1075.1666666666667,1458.0,713.1666666666666,1138.0,1703.4166666666667,2075.0,1102.4166666666667,1619.0,25.495833333333334,31.6,50.7875,68.5,1.5961458333333332,1.7261,3,9,0
2004-09-24,1136.6666666666667,1600.0,1021.5833333333334,1641.0,787.125,1317.0,1652.625,2430.0,1052.625,1788.0,21.133333333333333,26.6,58.612500000000004,76.6,1.4395749999999998,1.5682,4,9,0
2004-09-25,853.125,1126.0,751.1666666666666,1111.0,1127.7083333333333,1531.0,1183.875,1473.0,640.2916666666666,1249.0,17.849999999999998,22.1,40.99166666666667,53.9,0.8099208333333333,0.9334,5,9,1
2004-09-26,910.75,1067.0,821.2916666666666,1040.0,968.625,1222.0,1243.25,1413.0,778.6666666666666,1166.0,18.425,23.4,42.454166666666666,63.2,0.8547125000000001,0.9319,6,9,1
2004-09-27,997.5416666666666,1372.0,982.9166666666666,1477.0,813.7916666666666,1079.0,1392.6666666666667,1973.0,1013.125,1556.0,19.020833333333332,25.1,42.44583333333333,62.6,0.8822375,0.9948,0,9,0
2004-09-28,1086.6666666666667,1479.0,1114.7916666666667,1756.0,765.25,1208.0,1511.8333333333333,2165.0,1335.25,2236.0,19.891666666666666,28.9,42.391666666666666,62.7,0.9168,1.1159,1,9,0
2004-09-29,1122.875,1467.0,1092.4166666666667,1643.0,749.7916666666666,1221.0,1539.6666666666667,2088.0,1225.5,1770.0,20.995833333333334,28.6,44.05416666666667,62.1,1.0338375,1.1281,2,9,0
2004-09-30,1267.875,1728.0,1129.4166666666667,1692.0,672.75,1138.0,1657.9166666666667,2365.0,1298.2916666666667,1866.0,21.2875,26.1,53.0875,64.7,1.3287541666666667,1.6155,3,9,0
2004-10-01,1319.0208333333333,1707.0,1156.5833333333333,1637.0,601.7916666666666,968.0,1772.7291666666667,2338.0,1370.3333333333333,1848.0,22.181250000000002,26.4,59.84583333333333,71.8,1.56366875,1.6117,4,10,0
2004-10-02,1211.0416666666667,1506.0,983.3333333333334,1315.0,673.0833333333334,867.0,1598.4583333333333,1954.0,1099.8333333333333,1395.0,22.820833333333336,26.5,57.39166666666667,65.9,1.5603375,1.6213,5,10,1
2004-10-03,1128.25,1540.0,893.625,1336.0,750.25,972.0,1525.4583333333333,1929.0,982.0833333333334,1590.0,23.0125,27.4,56.40833333333333,66.4,1.54145,1.6261,6,10,1
2004-10-09,1340.2916666666667,1674.0,1101.4166666666667,1447.0,591.4583333333334,780.0,1724.0,2065.0,1260.2916666666667,1689.0,24.883333333333336,29.6,54.791666666666664,67.5,1.6757875,1.7966,5,10,1
2004-10-10,1112.1666666666667,1520.0,858.375,1217.0,762.9583333333334,942.0,1547.875,1812.0,885.0833333333334,1357.0,22.070833333333336,24.8,66.9125,80.5,1.7469999999999999,1.8881,6,10,1
2004-10-14,1005.125,1340.0,875.2916666666666,1324.0,872.5833333333334,1436.0,1400.2083333333333,1907.0,915.25,1412.0,17.804166666666667,22.2,55.78333333333333,78.1,1.1168625,1.4491,3,10,0
2004-10-15,1119.6470588235295,1420.0,1037.6470588235295,1405.0,732.2941176470588,1125.0,1606.8235294117646,1942.0,1056.1764705882354,1573.0,18.24705882352941,24.4,66.47058823529412,84.6,1.327935294117647,1.4673,4,10,0
2004-10-22,1300.7083333333333,1808.0,1189.4583333333333,1771.0,581.2916666666666,870.0,1799.7083333333333,2486.0,1431.8333333333333,2235.0,22.52916666666667,26.9,61.645833333333336,74.4,1.6456625,1.7164,4,10,0
2004-10-27,1141.9166666666667,1465.0,1052.9583333333333,1515.0,666.3333333333334,946.0,1638.9166666666667,2119.0,1131.9166666666667,1516.0,18.425,21.0,72.33333333333333,81.8,1.5125,1.6066,2,10,0
2004-10-28,1148.625,1633.0,1080.7083333333333,1671.0,675.0833333333334,936.0,1610.0416666666667,2271.0,1175.75,1852.0,18.3875,21.6,67.8,79.9,1.4080083333333333,1.5656,3,10,0
2004-10-29,1153.3333333333333,1523.0,1020.0,1457.0,710.7083333333334,1092.0,1613.5833333333333,2125.0,1041.2916666666667,1430.0,19.454166666666666,23.5,73.89166666666667,86.5,1.650275,2.0224,4,10,0
2004-10-30,1200.5833333333333,1493.0,1091.6666666666667,1437.0,635.375,857.0,1659.875,2015.0,1188.0,1551.0,19.5625,23.6,71.16666666666667,81.5,1.5899416666666666,1.7305,5,10,1
2004-10-31,1109.9583333333333,1571.0,938.7916666666666,1559.0,764.4166666666666,1291.0,1601.0416666666667,2277.0,993.7083333333334,1648.0,20.85833333333333,24.3,68.82916666666667,79.0,1.6735166666666668,1.8148,6,10,1
2004-11-01,1243.5,1472.0,1094.5833333333333,1290.0,604.4583333333334,747.0,1706.1666666666667,1942.0,1495.625,2519.0,21.229166666666668,25.8,70.09166666666667,78.1,1.7422583333333332,1.98,0,11,0
2004-11-02,1308.9166666666667,1778.0,1297.25,1935.0,596.9166666666666,1069.0,1893.5416666666667,2643.0,1430.0,2039.0,20.666666666666668,25.7,64.5,76.4,1.53465,1.7283,1,11,0
2004-11-03,1155.6666666666667,1390.0,1081.6666666666667,1414.0,654.1666666666666,1033.0,1618.5833333333333,1959.0,1169.5833333333333,1522.0,21.537499999999998,26.6,58.012499999999996,74.4,1.4421625,1.5156,2,11,0
2004-11-04,1281.2916666666667,1915.0,1210.125,1920.0,605.1666666666666,1025.0,1747.5833333333333,2609.0,1332.2916666666667,2204.0,20.57916666666667,26.8,62.00416666666666,73.5,1.4643958333333333,1.7082,3,11,0
2004-11-05,1262.5416666666667,1870.0,1178.9583333333333,1871.0,619.0,1056.0,1682.0416666666667,2483.0,1313.7916666666667,2165.0,19.345833333333335,24.7,62.23333333333333,73.3,1.3682583333333334,1.5322,4,11,0
2004-11-06,1189.2916666666667,1464.0,1034.4166666666667,1321.0,653.9166666666666,1012.0,1500.7083333333333,1794.0,1144.5833333333333,1600.0,18.291666666666668,22.0,63.487500000000004,76.6,1.3132,1.4356,5,11,1
2004-11-07,876.5416666666666,1075.0,747.8333333333334,1127.0,1016.8333333333334,1370.0,1113.9583333333333,1354.0,673.0833333333334,1063.0,15.883333333333333,18.0,45.86666666666667,71.4,0.8194916666666666,1.2331,6,11,1
2004-11-08,906.875,1341.0,848.2083333333334,1575.0,988.7916666666666,1757.0,1155.8333333333333,1778.0,804.9583333333334,1580.0,11.116666666666667,13.4,50.62083333333334,71.6,0.6623208333333334,0.8893,0,11,0
2004-11-09,1000.9166666666666,1275.0,950.125,1373.0,837.2083333333334,1296.0,1233.2083333333333,1605.0,1016.9583333333334,1720.0,8.033333333333333,13.8,64.78750000000001,85.7,0.6867208333333333,0.8818,1,11,0
2004-11-10,961.4166666666666,1277.0,843.25,1335.0,948.375,1663.0,1210.9166666666667,1636.0,836.2916666666666,1331.0,8.745833333333334,11.4,71.81666666666666,87.1,0.8065708333333333,0.893,2,11,0
